date,sunrise,sunset,daylight_s,sunrise_h,sunset_h,daylight_h
2023-01-01,2023-01-01 06:13:00,2023-01-01 18:21:00,43670.28,6.216666666666667,18.35,12.130633333333334
2023-01-02,2023-01-02 06:13:00,2023-01-02 18:21:00,43669.84,6.216666666666667,18.35,12.13051111111111
2023-01-03,2023-01-03 06:14:00,2023-01-03 18:22:00,43669.36,6.233333333333333,18.366666666666667,12.130377777777777
2023-01-04,2023-01-04 06:14:00,2023-01-04 18:22:00,43668.84,6.233333333333333,18.366666666666667,12.130233333333333
2023-01-05,2023-01-05 06:15:00,2023-01-05 18:23:00,43668.29,6.25,18.383333333333333,12.130080555555557
2023-01-06,2023-01-06 06:15:00,2023-01-06 18:23:00,43667.71,6.25,18.383333333333333,12.129919444444445
2023-01-07,2023-01-07 06:16:00,2023-01-07 18:24:00,43667.09,6.266666666666667,18.4,12.129747222222221
2023-01-08,2023-01-08 06:16:00,2023-01-08 18:24:00,43666.45,6.266666666666667,18.4,12.129569444444444
2023-01-09,2023-01-09 06:17:00,2023-01-09 18:24:00,43665.77,6.283333333333333,18.4,12.129380555555555
2023-01-10,2023-01-10 06:17:00,2023-01-10 18:25:00,43665.07,6.283333333333333,18.416666666666668,12.12918611111111
2023-01-11,2023-01-11 06:17:00,2023-01-11 18:25:00,43664.33,6.283333333333333,18.416666666666668,12.128980555555556
2023-01-12,2023-01-12 06:18:00,2023-01-12 18:26:00,43663.58,6.3,18.433333333333334,12.128772222222223
2023-01-13,2023-01-13 06:18:00,2023-01-13 18:26:00,43662.8,6.3,18.433333333333334,12.128555555555556
2023-01-14,2023-01-14 06:19:00,2023-01-14 18:26:00,43662.0,6.316666666666666,18.433333333333334,12.128333333333334
2023-01-15,2023-01-15 06:19:00,2023-01-15 18:27:00,43661.18,6.316666666666666,18.45,12.128105555555555
2023-01-16,2023-01-16 06:19:00,2023-01-16 18:27:00,43660.34,6.316666666666666,18.45,12.127872222222221
2023-01-17,2023-01-17 06:20:00,2023-01-17 18:27:00,43659.47,6.333333333333333,18.45,12.127630555555555
2023-01-18,2023-01-18 06:20:00,2023-01-18 18:28:00,43658.59,6.333333333333333,18.466666666666665,12.127386111111111
2023-01-19,2023-01-19 06:20:00,2023-01-19 18:28:00,43657.68,6.333333333333333,18.466666666666665,12.127133333333333
2023-01-20,2023-01-20 06:21:00,2023-01-20 18:28:00,43656.75,6.35,18.466666666666665,12.126875
2023-01-21,2023-01-21 06:21:00,2023-01-21 18:28:00,43655.79,6.35,18.466666666666665,12.126608333333333
2023-01-22,2023-01-22 06:21:00,2023-01-22 18:29:00,43654.8,6.35,18.483333333333334,12.126333333333335
2023-01-23,2023-01-23 06:21:00,2023-01-23 18:29:00,43653.79,6.35,18.483333333333334,12.126052777777778
2023-01-24,2023-01-24 06:22:00,2023-01-24 18:29:00,43652.77,6.366666666666666,18.483333333333334,12.125769444444444
2023-01-25,2023-01-25 06:22:00,2023-01-25 18:29:00,43651.73,6.366666666666666,18.483333333333334,12.125480555555557
2023-01-26,2023-01-26 06:22:00,2023-01-26 18:30:00,43650.68,6.366666666666666,18.5,12.12518888888889
2023-01-27,2023-01-27 06:22:00,2023-01-27 18:30:00,43649.61,6.366666666666666,18.5,12.124891666666667
2023-01-28,2023-01-28 06:23:00,2023-01-28 18:30:00,43648.53,6.383333333333334,18.5,12.124591666666666
2023-01-29,2023-01-29 06:23:00,2023-01-29 18:30:00,43647.45,6.383333333333334,18.5,12.124291666666666
2023-01-30,2023-01-30 06:23:00,2023-01-30 18:30:00,43646.36,6.383333333333334,18.5,12.123988888888888
2023-01-31,2023-01-31 06:23:00,2023-01-31 18:30:00,43645.25,6.383333333333334,18.5,12.123680555555556
2023-02-01,2023-02-01 06:23:00,2023-02-01 18:31:00,43644.16,6.383333333333334,18.516666666666666,12.12337777777778
2023-02-02,2023-02-02 06:23:00,2023-02-02 18:31:00,43643.05,6.383333333333334,18.516666666666666,12.123069444444445
2023-02-03,2023-02-03 06:23:00,2023-02-03 18:31:00,43641.96,6.383333333333334,18.516666666666666,12.122766666666667
2023-02-04,2023-02-04 06:24:00,2023-02-04 18:31:00,43640.86,6.4,18.516666666666666,12.122461111111111
2023-02-05,2023-02-05 06:24:00,2023-02-05 18:31:00,43639.76,6.4,18.516666666666666,12.122155555555556
2023-02-06,2023-02-06 06:24:00,2023-02-06 18:31:00,43638.67,6.4,18.516666666666666,12.121852777777777
2023-02-07,2023-02-07 06:24:00,2023-02-07 18:31:00,43637.58,6.4,18.516666666666666,12.121550000000001
2023-02-08,2023-02-08 06:24:00,2023-02-08 18:31:00,43636.48,6.4,18.516666666666666,12.121244444444445
2023-02-09,2023-02-09 06:24:00,2023-02-09 18:31:00,43635.38,6.4,18.516666666666666,12.120938888888888
2023-02-10,2023-02-10 06:24:00,2023-02-10 18:31:00,43634.27,6.4,18.516666666666666,12.120630555555554
2023-02-11,2023-02-11 06:24:00,2023-02-11 18:31:00,43633.17,6.4,18.516666666666666,12.120325
2023-02-12,2023-02-12 06:24:00,2023-02-12 18:31:00,43632.06,6.4,18.516666666666666,12.120016666666666
2023-02-13,2023-02-13 06:24:00,2023-02-13 18:31:00,43630.95,6.4,18.516666666666666,12.119708333333332
2023-02-14,2023-02-14 06:24:00,2023-02-14 18:31:00,43629.85,6.4,18.516666666666666,12.119402777777777
2023-02-15,2023-02-15 06:24:00,2023-02-15 18:31:00,43628.75,6.4,18.516666666666666,12.119097222222223
2023-02-16,2023-02-16 06:24:00,2023-02-16 18:31:00,43627.66,6.4,18.516666666666666,12.118794444444445
2023-02-17,2023-02-17 06:24:00,2023-02-17 18:31:00,43626.58,6.4,18.516666666666666,12.118494444444446
2023-02-18,2023-02-18 06:24:00,2023-02-18 18:31:00,43625.51,6.4,18.516666666666666,12.118197222222223
2023-02-19,2023-02-19 06:24:00,2023-02-19 18:31:00,43624.44,6.4,18.516666666666666,12.1179
2023-02-20,2023-02-20 06:24:00,2023-02-20 18:31:00,43623.39,6.4,18.516666666666666,12.117608333333333
2023-02-21,2023-02-21 06:23:00,2023-02-21 18:30:00,43622.35,6.383333333333334,18.5,12.117319444444444
2023-02-22,2023-02-22 06:23:00,2023-02-22 18:30:00,43621.33,6.383333333333334,18.5,12.117036111111112
2023-02-23,2023-02-23 06:23:00,2023-02-23 18:30:00,43620.32,6.383333333333334,18.5,12.116755555555555
2023-02-24,2023-02-24 06:23:00,2023-02-24 18:30:00,43619.33,6.383333333333334,18.5,12.116480555555556
2023-02-25,2023-02-25 06:23:00,2023-02-25 18:30:00,43618.35,6.383333333333334,18.5,12.116208333333333
2023-02-26,2023-02-26 06:23:00,2023-02-26 18:30:00,43617.39,6.383333333333334,18.5,12.115941666666666
2023-02-27,2023-02-27 06:23:00,2023-02-27 18:30:00,43616.45,6.383333333333334,18.5,12.115680555555555
2023-02-28,2023-02-28 06:23:00,2023-02-28 18:29:00,43615.52,6.383333333333334,18.483333333333334,12.115422222222222
2023-03-01,2023-03-01 06:22:00,2023-03-01 18:29:00,43614.6,6.366666666666666,18.483333333333334,12.115166666666667
2023-03-02,2023-03-02 06:22:00,2023-03-02 18:29:00,43613.69,6.366666666666666,18.483333333333334,12.11491388888889
2023-03-03,2023-03-03 06:22:00,2023-03-03 18:29:00,43612.79,6.366666666666666,18.483333333333334,12.11466388888889
2023-03-04,2023-03-04 06:22:00,2023-03-04 18:29:00,43611.9,6.366666666666666,18.483333333333334,12.114416666666667
2023-03-05,2023-03-05 06:22:00,2023-03-05 18:28:00,43611.03,6.366666666666666,18.466666666666665,12.114175
2023-03-06,2023-03-06 06:21:00,2023-03-06 18:28:00,43610.17,6.35,18.466666666666665,12.11393611111111
2023-03-07,2023-03-07 06:21:00,2023-03-07 18:28:00,43609.33,6.35,18.466666666666665,12.113702777777778
2023-03-08,2023-03-08 06:21:00,2023-03-08 18:28:00,43608.51,6.35,18.466666666666665,12.113475000000001
2023-03-09,2023-03-09 06:21:00,2023-03-09 18:27:00,43607.7,6.35,18.45,12.113249999999999
2023-03-10,2023-03-10 06:20:00,2023-03-10 18:27:00,43606.91,6.333333333333333,18.45,12.113030555555557
2023-03-11,2023-03-11 06:20:00,2023-03-11 18:27:00,43606.14,6.333333333333333,18.45,12.112816666666667
2023-03-12,2023-03-12 06:20:00,2023-03-12 18:27:00,43605.39,6.333333333333333,18.45,12.112608333333332
2023-03-13,2023-03-13 06:19:00,2023-03-13 18:26:00,43604.66,6.316666666666666,18.433333333333334,12.112405555555556
2023-03-14,2023-03-14 06:19:00,2023-03-14 18:26:00,43603.95,6.316666666666666,18.433333333333334,12.112208333333333
2023-03-15,2023-03-15 06:19:00,2023-03-15 18:26:00,43603.26,6.316666666666666,18.433333333333334,12.112016666666667
2023-03-16,2023-03-16 06:19:00,2023-03-16 18:25:00,43602.59,6.316666666666666,18.416666666666668,12.111830555555555
2023-03-17,2023-03-17 06:18:00,2023-03-17 18:25:00,43601.95,6.3,18.416666666666668,12.111652777777778
2023-03-18,2023-03-18 06:18:00,2023-03-18 18:25:00,43601.32,6.3,18.416666666666668,12.111477777777777
2023-03-19,2023-03-19 06:18:00,2023-03-19 18:25:00,43600.71,6.3,18.416666666666668,12.111308333333334
2023-03-20,2023-03-20 06:18:00,2023-03-20 18:24:00,43600.12,6.3,18.4,12.111144444444445
2023-03-21,2023-03-21 06:17:00,2023-03-21 18:24:00,43599.55,6.283333333333333,18.4,12.110986111111112
2023-03-22,2023-03-22 06:17:00,2023-03-22 18:24:00,43599.0,6.283333333333333,18.4,12.110833333333334
2023-03-23,2023-03-23 06:17:00,2023-03-23 18:23:00,43598.46,6.283333333333333,18.383333333333333,12.110683333333332
2023-03-24,2023-03-24 06:16:00,2023-03-24 18:23:00,43597.94,6.266666666666667,18.383333333333333,12.11053888888889
2023-03-25,2023-03-25 06:16:00,2023-03-25 18:23:00,43597.44,6.266666666666667,18.383333333333333,12.1104
2023-03-26,2023-03-26 06:16:00,2023-03-26 18:22:00,43596.96,6.266666666666667,18.366666666666667,12.110266666666666
2023-03-27,2023-03-27 06:16:00,2023-03-27 18:22:00,43596.5,6.266666666666667,18.366666666666667,12.110138888888889
2023-03-28,2023-03-28 06:15:00,2023-03-28 18:22:00,43596.05,6.25,18.366666666666667,12.11001388888889
2023-03-29,2023-03-29 06:15:00,2023-03-29 18:21:00,43595.63,6.25,18.35,12.109897222222221
2023-03-30,2023-03-30 06:15:00,2023-03-30 18:21:00,43595.22,6.25,18.35,12.109783333333334
2023-03-31,2023-03-31 06:14:00,2023-03-31 18:21:00,43594.84,6.233333333333333,18.35,12.109677777777776
2023-04-01,2023-04-01 06:14:00,2023-04-01 18:21:00,43594.48,6.233333333333333,18.35,12.109577777777778
2023-04-02,2023-04-02 06:14:00,2023-04-02 18:20:00,43594.13,6.233333333333333,18.333333333333332,12.109480555555555
2023-04-03,2023-04-03 06:13:00,2023-04-03 18:20:00,43593.8,6.216666666666667,18.333333333333332,12.10938888888889
2023-04-04,2023-04-04 06:13:00,2023-04-04 18:20:00,43593.5,6.216666666666667,18.333333333333332,12.109305555555556
2023-04-05,2023-04-05 06:13:00,2023-04-05 18:19:00,43593.21,6.216666666666667,18.316666666666666,12.109225
2023-04-06,2023-04-06 06:13:00,2023-04-06 18:19:00,43592.95,6.216666666666667,18.316666666666666,12.109152777777776
2023-04-07,2023-04-07 06:12:00,2023-04-07 18:19:00,43592.7,6.2,18.316666666666666,12.109083333333333
2023-04-08,2023-04-08 06:12:00,2023-04-08 18:19:00,43592.47,6.2,18.316666666666666,12.109019444444444
2023-04-09,2023-04-09 06:12:00,2023-04-09 18:18:00,43592.26,6.2,18.3,12.108961111111112
2023-04-10,2023-04-10 06:12:00,2023-04-10 18:18:00,43592.07,6.2,18.3,12.108908333333334
2023-04-11,2023-04-11 06:11:00,2023-04-11 18:18:00,43591.89,6.183333333333334,18.3,12.108858333333334
2023-04-12,2023-04-12 06:11:00,2023-04-12 18:18:00,43591.73,6.183333333333334,18.3,12.10881388888889
2023-04-13,2023-04-13 06:11:00,2023-04-13 18:17:00,43591.58,6.183333333333334,18.283333333333335,12.108772222222223
2023-04-14,2023-04-14 06:11:00,2023-04-14 18:17:00,43591.45,6.183333333333334,18.283333333333335,12.10873611111111
2023-04-15,2023-04-15 06:10:00,2023-04-15 18:17:00,43591.34,6.166666666666667,18.283333333333335,12.108705555555554
2023-04-16,2023-04-16 06:10:00,2023-04-16 18:17:00,43591.25,6.166666666666667,18.283333333333335,12.108680555555555
2023-04-17,2023-04-17 06:10:00,2023-04-17 18:16:00,43591.17,6.166666666666667,18.266666666666666,12.108658333333333
2023-04-18,2023-04-18 06:10:00,2023-04-18 18:16:00,43591.11,6.166666666666667,18.266666666666666,12.108641666666667
2023-04-19,2023-04-19 06:09:00,2023-04-19 18:16:00,43591.06,6.15,18.266666666666666,12.108627777777777
2023-04-20,2023-04-20 06:09:00,2023-04-20 18:16:00,43591.03,6.15,18.266666666666666,12.108619444444445
2023-04-21,2023-04-21 06:09:00,2023-04-21 18:15:00,43591.01,6.15,18.25,12.10861388888889
2023-04-22,2023-04-22 06:09:00,2023-04-22 18:15:00,43591.01,6.15,18.25,12.10861388888889
2023-04-23,2023-04-23 06:09:00,2023-04-23 18:15:00,43591.02,6.15,18.25,12.108616666666666
2023-04-24,2023-04-24 06:08:00,2023-04-24 18:15:00,43591.04,6.133333333333334,18.25,12.108622222222223
2023-04-25,2023-04-25 06:08:00,2023-04-25 18:15:00,43591.08,6.133333333333334,18.25,12.108633333333334
2023-04-26,2023-04-26 06:08:00,2023-04-26 18:15:00,43591.13,6.133333333333334,18.25,12.108647222222222
2023-04-27,2023-04-27 06:08:00,2023-04-27 18:14:00,43591.2,6.133333333333334,18.233333333333334,12.108666666666666
2023-04-28,2023-04-28 06:08:00,2023-04-28 18:14:00,43591.27,6.133333333333334,18.233333333333334,12.10868611111111
2023-04-29,2023-04-29 06:08:00,2023-04-29 18:14:00,43591.36,6.133333333333334,18.233333333333334,12.108711111111111
2023-04-30,2023-04-30 06:07:00,2023-04-30 18:14:00,43591.45,6.116666666666666,18.233333333333334,12.10873611111111
2023-05-01,2023-05-01 06:07:00,2023-05-01 18:14:00,43591.56,6.116666666666666,18.233333333333334,12.108766666666666
2023-05-02,2023-05-02 06:07:00,2023-05-02 18:14:00,43591.68,6.116666666666666,18.233333333333334,12.1088
2023-05-03,2023-05-03 06:07:00,2023-05-03 18:14:00,43591.81,6.116666666666666,18.233333333333334,12.10883611111111
2023-05-04,2023-05-04 06:07:00,2023-05-04 18:14:00,43591.95,6.116666666666666,18.233333333333334,12.108875
2023-05-05,2023-05-05 06:07:00,2023-05-05 18:13:00,43592.09,6.116666666666666,18.216666666666665,12.108913888888887
2023-05-06,2023-05-06 06:07:00,2023-05-06 18:13:00,43592.25,6.116666666666666,18.216666666666665,12.108958333333334
2023-05-07,2023-05-07 06:07:00,2023-05-07 18:13:00,43592.41,6.116666666666666,18.216666666666665,12.109002777777778
2023-05-08,2023-05-08 06:07:00,2023-05-08 18:13:00,43592.59,6.116666666666666,18.216666666666665,12.109052777777777
2023-05-09,2023-05-09 06:07:00,2023-05-09 18:13:00,43592.76,6.116666666666666,18.216666666666665,12.1091
2023-05-10,2023-05-10 06:07:00,2023-05-10 18:13:00,43592.95,6.116666666666666,18.216666666666665,12.109152777777776
2023-05-11,2023-05-11 06:07:00,2023-05-11 18:13:00,43593.14,6.116666666666666,18.216666666666665,12.109205555555555
2023-05-12,2023-05-12 06:07:00,2023-05-12 18:13:00,43593.33,6.116666666666666,18.216666666666665,12.109258333333333
2023-05-13,2023-05-13 06:07:00,2023-05-13 18:13:00,43593.54,6.116666666666666,18.216666666666665,12.109316666666667
2023-05-14,2023-05-14 06:07:00,2023-05-14 18:13:00,43593.73,6.116666666666666,18.216666666666665,12.109369444444445
2023-05-15,2023-05-15 06:07:00,2023-05-15 18:13:00,43593.94,6.116666666666666,18.216666666666665,12.109427777777778
2023-05-16,2023-05-16 06:07:00,2023-05-16 18:13:00,43594.15,6.116666666666666,18.216666666666665,12.109486111111112
2023-05-17,2023-05-17 06:07:00,2023-05-17 18:13:00,43594.36,6.116666666666666,18.216666666666665,12.109544444444445
2023-05-18,2023-05-18 06:07:00,2023-05-18 18:13:00,43594.56,6.116666666666666,18.216666666666665,12.109599999999999
2023-05-19,2023-05-19 06:07:00,2023-05-19 18:13:00,43594.78,6.116666666666666,18.216666666666665,12.10966111111111
2023-05-20,2023-05-20 06:07:00,2023-05-20 18:13:00,43594.99,6.116666666666666,18.216666666666665,12.109719444444444
2023-05-21,2023-05-21 06:07:00,2023-05-21 18:13:00,43595.21,6.116666666666666,18.216666666666665,12.109780555555556
2023-05-22,2023-05-22 06:07:00,2023-05-22 18:13:00,43595.42,6.116666666666666,18.216666666666665,12.109838888888888
2023-05-23,2023-05-23 06:07:00,2023-05-23 18:14:00,43595.63,6.116666666666666,18.233333333333334,12.109897222222221
2023-05-24,2023-05-24 06:07:00,2023-05-24 18:14:00,43595.84,6.116666666666666,18.233333333333334,12.109955555555555
2023-05-25,2023-05-25 06:07:00,2023-05-25 18:14:00,43596.06,6.116666666666666,18.233333333333334,12.110016666666667
2023-05-26,2023-05-26 06:07:00,2023-05-26 18:14:00,43596.27,6.116666666666666,18.233333333333334,12.110074999999998
2023-05-27,2023-05-27 06:07:00,2023-05-27 18:14:00,43596.47,6.116666666666666,18.233333333333334,12.110130555555555
2023-05-28,2023-05-28 06:07:00,2023-05-28 18:14:00,43596.68,6.116666666666666,18.233333333333334,12.110188888888889
2023-05-29,2023-05-29 06:08:00,2023-05-29 18:14:00,43596.88,6.133333333333334,18.233333333333334,12.110244444444444
2023-05-30,2023-05-30 06:08:00,2023-05-30 18:14:00,43597.07,6.133333333333334,18.233333333333334,12.110297222222222
2023-05-31,2023-05-31 06:08:00,2023-05-31 18:15:00,43597.26,6.133333333333334,18.25,12.11035
2023-06-01,2023-06-01 06:08:00,2023-06-01 18:15:00,43597.45,6.133333333333334,18.25,12.110402777777777
2023-06-02,2023-06-02 06:08:00,2023-06-02 18:15:00,43597.62,6.133333333333334,18.25,12.11045
2023-06-03,2023-06-03 06:08:00,2023-06-03 18:15:00,43597.8,6.133333333333334,18.25,12.1105
2023-06-04,2023-06-04 06:09:00,2023-06-04 18:15:00,43597.96,6.15,18.25,12.110544444444445
2023-06-05,2023-06-05 06:09:00,2023-06-05 18:15:00,43598.12,6.15,18.25,12.11058888888889
2023-06-06,2023-06-06 06:09:00,2023-06-06 18:15:00,43598.27,6.15,18.25,12.110630555555554
2023-06-07,2023-06-07 06:09:00,2023-06-07 18:16:00,43598.41,6.15,18.266666666666666,12.110669444444445
2023-06-08,2023-06-08 06:09:00,2023-06-08 18:16:00,43598.54,6.15,18.266666666666666,12.110705555555557
2023-06-09,2023-06-09 06:09:00,2023-06-09 18:16:00,43598.66,6.15,18.266666666666666,12.11073888888889
2023-06-10,2023-06-10 06:10:00,2023-06-10 18:16:00,43598.77,6.166666666666667,18.266666666666666,12.110769444444443
2023-06-11,2023-06-11 06:10:00,2023-06-11 18:16:00,43598.88,6.166666666666667,18.266666666666666,12.1108
2023-06-12,2023-06-12 06:10:00,2023-06-12 18:17:00,43598.97,6.166666666666667,18.283333333333335,12.110825
2023-06-13,2023-06-13 06:10:00,2023-06-13 18:17:00,43599.06,6.166666666666667,18.283333333333335,12.11085
2023-06-14,2023-06-14 06:10:00,2023-06-14 18:17:00,43599.13,6.166666666666667,18.283333333333335,12.110869444444443
2023-06-15,2023-06-15 06:11:00,2023-06-15 18:17:00,43599.2,6.183333333333334,18.283333333333335,12.110888888888889
2023-06-16,2023-06-16 06:11:00,2023-06-16 18:18:00,43599.26,6.183333333333334,18.3,12.110905555555556
2023-06-17,2023-06-17 06:11:00,2023-06-17 18:18:00,43599.3,6.183333333333334,18.3,12.110916666666668
2023-06-18,2023-06-18 06:11:00,2023-06-18 18:18:00,43599.35,6.183333333333334,18.3,12.110930555555555
2023-06-19,2023-06-19 06:12:00,2023-06-19 18:18:00,43599.37,6.2,18.3,12.110936111111112
2023-06-20,2023-06-20 06:12:00,2023-06-20 18:18:00,43599.39,6.2,18.3,12.110941666666667
2023-06-21,2023-06-21 06:12:00,2023-06-21 18:19:00,43599.39,6.2,18.316666666666666,12.110941666666667
2023-06-22,2023-06-22 06:12:00,2023-06-22 18:19:00,43599.39,6.2,18.316666666666666,12.110941666666667
2023-06-23,2023-06-23 06:12:00,2023-06-23 18:19:00,43599.38,6.2,18.316666666666666,12.110938888888889
2023-06-24,2023-06-24 06:13:00,2023-06-24 18:19:00,43599.35,6.216666666666667,18.316666666666666,12.110930555555555
2023-06-25,2023-06-25 06:13:00,2023-06-25 18:19:00,43599.31,6.216666666666667,18.316666666666666,12.110919444444443
2023-06-26,2023-06-26 06:13:00,2023-06-26 18:20:00,43599.27,6.216666666666667,18.333333333333332,12.110908333333333
2023-06-27,2023-06-27 06:13:00,2023-06-27 18:20:00,43599.21,6.216666666666667,18.333333333333332,12.110891666666667
2023-06-28,2023-06-28 06:13:00,2023-06-28 18:20:00,43599.14,6.216666666666667,18.333333333333332,12.110872222222222
2023-06-29,2023-06-29 06:14:00,2023-06-29 18:20:00,43599.06,6.233333333333333,18.333333333333332,12.11085
2023-06-30,2023-06-30 06:14:00,2023-06-30 18:20:00,43598.97,6.233333333333333,18.333333333333332,12.110825
2023-07-01,2023-07-01 06:14:00,2023-07-01 18:21:00,43598.87,6.233333333333333,18.35,12.110797222222223
2023-07-02,2023-07-02 06:14:00,2023-07-02 18:21:00,43598.76,6.233333333333333,18.35,12.110766666666667
2023-07-03,2023-07-03 06:14:00,2023-07-03 18:21:00,43598.64,6.233333333333333,18.35,12.110733333333334
2023-07-04,2023-07-04 06:15:00,2023-07-04 18:21:00,43598.52,6.25,18.35,12.1107
2023-07-05,2023-07-05 06:15:00,2023-07-05 18:21:00,43598.38,6.25,18.35,12.11066111111111
2023-07-06,2023-07-06 06:15:00,2023-07-06 18:22:00,43598.24,6.25,18.366666666666667,12.110622222222222
2023-07-07,2023-07-07 06:15:00,2023-07-07 18:22:00,43598.08,6.25,18.366666666666667,12.110577777777777
2023-07-08,2023-07-08 06:15:00,2023-07-08 18:22:00,43597.93,6.25,18.366666666666667,12.110536111111111
2023-07-09,2023-07-09 06:15:00,2023-07-09 18:22:00,43597.76,6.25,18.366666666666667,12.11048888888889
2023-07-10,2023-07-10 06:16:00,2023-07-10 18:22:00,43597.59,6.266666666666667,18.366666666666667,12.110441666666667
2023-07-11,2023-07-11 06:16:00,2023-07-11 18:22:00,43597.41,6.266666666666667,18.366666666666667,12.110391666666668
2023-07-12,2023-07-12 06:16:00,2023-07-12 18:22:00,43597.23,6.266666666666667,18.366666666666667,12.110341666666667
2023-07-13,2023-07-13 06:16:00,2023-07-13 18:23:00,43597.05,6.266666666666667,18.383333333333333,12.110291666666667
2023-07-14,2023-07-14 06:16:00,2023-07-14 18:23:00,43596.86,6.266666666666667,18.383333333333333,12.110238888888889
2023-07-15,2023-07-15 06:16:00,2023-07-15 18:23:00,43596.66,6.266666666666667,18.383333333333333,12.110183333333334
2023-07-16,2023-07-16 06:16:00,2023-07-16 18:23:00,43596.46,6.266666666666667,18.383333333333333,12.110127777777777
2023-07-17,2023-07-17 06:16:00,2023-07-17 18:23:00,43596.26,6.266666666666667,18.383333333333333,12.110072222222223
2023-07-18,2023-07-18 06:16:00,2023-07-18 18:23:00,43596.06,6.266666666666667,18.383333333333333,12.110016666666667
2023-07-19,2023-07-19 06:16:00,2023-07-19 18:23:00,43595.85,6.266666666666667,18.383333333333333,12.109958333333333
2023-07-20,2023-07-20 06:17:00,2023-07-20 18:23:00,43595.64,6.283333333333333,18.383333333333333,12.1099
2023-07-21,2023-07-21 06:17:00,2023-07-21 18:23:00,43595.43,6.283333333333333,18.383333333333333,12.109841666666666
2023-07-22,2023-07-22 06:17:00,2023-07-22 18:23:00,43595.21,6.283333333333333,18.383333333333333,12.109780555555556
2023-07-23,2023-07-23 06:17:00,2023-07-23 18:23:00,43594.99,6.283333333333333,18.383333333333333,12.109719444444444
2023-07-24,2023-07-24 06:17:00,2023-07-24 18:23:00,43594.78,6.283333333333333,18.383333333333333,12.10966111111111
2023-07-25,2023-07-25 06:17:00,2023-07-25 18:23:00,43594.56,6.283333333333333,18.383333333333333,12.109599999999999
2023-07-26,2023-07-26 06:17:00,2023-07-26 18:23:00,43594.35,6.283333333333333,18.383333333333333,12.109541666666667
2023-07-27,2023-07-27 06:17:00,2023-07-27 18:23:00,43594.14,6.283333333333333,18.383333333333333,12.109483333333333
2023-07-28,2023-07-28 06:17:00,2023-07-28 18:23:00,43593.93,6.283333333333333,18.383333333333333,12.109425
2023-07-29,2023-07-29 06:17:00,2023-07-29 18:23:00,43593.73,6.283333333333333,18.383333333333333,12.109369444444445
2023-07-30,2023-07-30 06:17:00,2023-07-30 18:23:00,43593.52,6.283333333333333,18.383333333333333,12.10931111111111
2023-07-31,2023-07-31 06:17:00,2023-07-31 18:23:00,43593.32,6.283333333333333,18.383333333333333,12.109255555555556
2023-08-01,2023-08-01 06:17:00,2023-08-01 18:23:00,43593.13,6.283333333333333,18.383333333333333,12.109202777777776
2023-08-02,2023-08-02 06:16:00,2023-08-02 18:23:00,43592.95,6.266666666666667,18.383333333333333,12.109152777777776
2023-08-03,2023-08-03 06:16:00,2023-08-03 18:23:00,43592.77,6.266666666666667,18.383333333333333,12.109102777777776
2023-08-04,2023-08-04 06:16:00,2023-08-04 18:23:00,43592.59,6.266666666666667,18.383333333333333,12.109052777777777
2023-08-05,2023-08-05 06:16:00,2023-08-05 18:23:00,43592.43,6.266666666666667,18.383333333333333,12.109008333333334
2023-08-06,2023-08-06 06:16:00,2023-08-06 18:23:00,43592.27,6.266666666666667,18.383333333333333,12.108963888888889
2023-08-07,2023-08-07 06:16:00,2023-08-07 18:23:00,43592.12,6.266666666666667,18.383333333333333,12.108922222222223
2023-08-08,2023-08-08 06:16:00,2023-08-08 18:22:00,43591.97,6.266666666666667,18.366666666666667,12.108880555555556
2023-08-09,2023-08-09 06:16:00,2023-08-09 18:22:00,43591.84,6.266666666666667,18.366666666666667,12.108844444444443
2023-08-10,2023-08-10 06:16:00,2023-08-10 18:22:00,43591.71,6.266666666666667,18.366666666666667,12.108808333333332
2023-08-11,2023-08-11 06:15:00,2023-08-11 18:22:00,43591.58,6.25,18.366666666666667,12.108772222222223
2023-08-12,2023-08-12 06:15:00,2023-08-12 18:22:00,43591.48,6.25,18.366666666666667,12.108744444444445
2023-08-13,2023-08-13 06:15:00,2023-08-13 18:22:00,43591.38,6.25,18.366666666666667,12.108716666666666
2023-08-14,2023-08-14 06:15:00,2023-08-14 18:21:00,43591.29,6.25,18.35,12.108691666666667
2023-08-15,2023-08-15 06:15:00,2023-08-15 18:21:00,43591.21,6.25,18.35,12.108669444444445
2023-08-16,2023-08-16 06:14:00,2023-08-16 18:21:00,43591.14,6.233333333333333,18.35,12.108649999999999
2023-08-17,2023-08-17 06:14:00,2023-08-17 18:21:00,43591.09,6.233333333333333,18.35,12.10863611111111
2023-08-18,2023-08-18 06:14:00,2023-08-18 18:21:00,43591.05,6.233333333333333,18.35,12.108625
2023-08-19,2023-08-19 06:14:00,2023-08-19 18:20:00,43591.02,6.233333333333333,18.333333333333332,12.108616666666666
2023-08-20,2023-08-20 06:14:00,2023-08-20 18:20:00,43591.01,6.233333333333333,18.333333333333332,12.10861388888889
2023-08-21,2023-08-21 06:13:00,2023-08-21 18:20:00,43591.01,6.216666666666667,18.333333333333332,12.10861388888889
2023-08-22,2023-08-22 06:13:00,2023-08-22 18:20:00,43591.02,6.216666666666667,18.333333333333332,12.108616666666666
2023-08-23,2023-08-23 06:13:00,2023-08-23 18:19:00,43591.05,6.216666666666667,18.316666666666666,12.108625
2023-08-24,2023-08-24 06:13:00,2023-08-24 18:19:00,43591.09,6.216666666666667,18.316666666666666,12.10863611111111
2023-08-25,2023-08-25 06:12:00,2023-08-25 18:19:00,43591.14,6.2,18.316666666666666,12.108649999999999
2023-08-26,2023-08-26 06:12:00,2023-08-26 18:19:00,43591.21,6.2,18.316666666666666,12.108669444444445
2023-08-27,2023-08-27 06:12:00,2023-08-27 18:18:00,43591.3,6.2,18.3,12.108694444444446
2023-08-28,2023-08-28 06:11:00,2023-08-28 18:18:00,43591.41,6.183333333333334,18.3,12.108725000000002
2023-08-29,2023-08-29 06:11:00,2023-08-29 18:18:00,43591.52,6.183333333333334,18.3,12.108755555555554
2023-08-30,2023-08-30 06:11:00,2023-08-30 18:17:00,43591.66,6.183333333333334,18.283333333333335,12.108794444444445
2023-08-31,2023-08-31 06:11:00,2023-08-31 18:17:00,43591.81,6.183333333333334,18.283333333333335,12.10883611111111
2023-09-01,2023-09-01 06:10:00,2023-09-01 18:17:00,43591.98,6.166666666666667,18.283333333333335,12.108883333333335
2023-09-02,2023-09-02 06:10:00,2023-09-02 18:16:00,43592.16,6.166666666666667,18.266666666666666,12.108933333333335
2023-09-03,2023-09-03 06:10:00,2023-09-03 18:16:00,43592.37,6.166666666666667,18.266666666666666,12.108991666666668
2023-09-04,2023-09-04 06:09:00,2023-09-04 18:16:00,43592.59,6.15,18.266666666666666,12.109052777777777
2023-09-05,2023-09-05 06:09:00,2023-09-05 18:15:00,43592.83,6.15,18.25,12.109119444444445
2023-09-06,2023-09-06 06:09:00,2023-09-06 18:15:00,43593.09,6.15,18.25,12.109191666666666
2023-09-07,2023-09-07 06:08:00,2023-09-07 18:15:00,43593.36,6.133333333333334,18.25,12.109266666666667
2023-09-08,2023-09-08 06:08:00,2023-09-08 18:14:00,43593.66,6.133333333333334,18.233333333333334,12.109350000000001
2023-09-09,2023-09-09 06:07:00,2023-09-09 18:14:00,43593.97,6.116666666666666,18.233333333333334,12.109436111111112
2023-09-10,2023-09-10 06:07:00,2023-09-10 18:14:00,43594.3,6.116666666666666,18.233333333333334,12.109527777777778
2023-09-11,2023-09-11 06:07:00,2023-09-11 18:13:00,43594.64,6.116666666666666,18.216666666666665,12.109622222222223
2023-09-12,2023-09-12 06:06:00,2023-09-12 18:13:00,43595.0,6.1,18.216666666666665,12.109722222222222
2023-09-13,2023-09-13 06:06:00,2023-09-13 18:13:00,43595.39,6.1,18.216666666666665,12.109830555555556
2023-09-14,2023-09-14 06:06:00,2023-09-14 18:12:00,43595.79,6.1,18.2,12.109941666666668
2023-09-15,2023-09-15 06:05:00,2023-09-15 18:12:00,43596.2,6.083333333333333,18.2,12.110055555555554
2023-09-16,2023-09-16 06:05:00,2023-09-16 18:12:00,43596.63,6.083333333333333,18.2,12.110175
2023-09-17,2023-09-17 06:05:00,2023-09-17 18:11:00,43597.09,6.083333333333333,18.183333333333334,12.110302777777777
2023-09-18,2023-09-18 06:04:00,2023-09-18 18:11:00,43597.56,6.066666666666666,18.183333333333334,12.110433333333333
2023-09-19,2023-09-19 06:04:00,2023-09-19 18:11:00,43598.06,6.066666666666666,18.183333333333334,12.110572222222222
2023-09-20,2023-09-20 06:04:00,2023-09-20 18:10:00,43598.57,6.066666666666666,18.166666666666668,12.110713888888888
2023-09-21,2023-09-21 06:03:00,2023-09-21 18:10:00,43599.11,6.05,18.166666666666668,12.11086388888889
2023-09-22,2023-09-22 06:03:00,2023-09-22 18:10:00,43599.66,6.05,18.166666666666668,12.111016666666668
2023-09-23,2023-09-23 06:02:00,2023-09-23 18:09:00,43600.24,6.033333333333333,18.15,12.111177777777778
2023-09-24,2023-09-24 06:02:00,2023-09-24 18:09:00,43600.84,6.033333333333333,18.15,12.111344444444443
2023-09-25,2023-09-25 06:02:00,2023-09-25 18:08:00,43601.45,6.033333333333333,18.133333333333333,12.111513888888888
2023-09-26,2023-09-26 06:01:00,2023-09-26 18:08:00,43602.09,6.016666666666667,18.133333333333333,12.111691666666665
2023-09-27,2023-09-27 06:01:00,2023-09-27 18:08:00,43602.73,6.016666666666667,18.133333333333333,12.111869444444446
2023-09-28,2023-09-28 06:01:00,2023-09-28 18:07:00,43603.4,6.016666666666667,18.116666666666667,12.112055555555555
2023-09-29,2023-09-29 06:00:00,2023-09-29 18:07:00,43604.09,6.0,18.116666666666667,12.112247222222221
2023-09-30,2023-09-30 06:00:00,2023-09-30 18:07:00,43604.79,6.0,18.116666666666667,12.112441666666667
2023-10-01,2023-10-01 06:00:00,2023-10-01 18:06:00,43605.51,6.0,18.1,12.112641666666667
2023-10-02,2023-10-02 05:59:00,2023-10-02 18:06:00,43606.24,5.983333333333333,18.1,12.112844444444445
2023-10-03,2023-10-03 05:59:00,2023-10-03 18:06:00,43606.99,5.983333333333333,18.1,12.113052777777778
2023-10-04,2023-10-04 05:59:00,2023-10-04 18:06:00,43607.75,5.983333333333333,18.1,12.11326388888889
2023-10-05,2023-10-05 05:58:00,2023-10-05 18:05:00,43608.53,5.966666666666667,18.083333333333332,12.113480555555554
2023-10-06,2023-10-06 05:58:00,2023-10-06 18:05:00,43609.32,5.966666666666667,18.083333333333332,12.1137
2023-10-07,2023-10-07 05:58:00,2023-10-07 18:05:00,43610.14,5.966666666666667,18.083333333333332,12.113927777777777
2023-10-08,2023-10-08 05:58:00,2023-10-08 18:04:00,43610.98,5.966666666666667,18.066666666666666,12.114161111111112
2023-10-09,2023-10-09 05:57:00,2023-10-09 18:04:00,43611.83,5.95,18.066666666666666,12.114397222222223
2023-10-10,2023-10-10 05:57:00,2023-10-10 18:04:00,43612.7,5.95,18.066666666666666,12.114638888888889
2023-10-11,2023-10-11 05:57:00,2023-10-11 18:04:00,43613.6,5.95,18.066666666666666,12.114888888888888
2023-10-12,2023-10-12 05:57:00,2023-10-12 18:03:00,43614.5,5.95,18.05,12.11513888888889
2023-10-13,2023-10-13 05:56:00,2023-10-13 18:03:00,43615.43,5.933333333333334,18.05,12.115397222222223
2023-10-14,2023-10-14 05:56:00,2023-10-14 18:03:00,43616.37,5.933333333333334,18.05,12.115658333333334
2023-10-15,2023-10-15 05:56:00,2023-10-15 18:03:00,43617.32,5.933333333333334,18.05,12.115922222222222
2023-10-16,2023-10-16 05:56:00,2023-10-16 18:02:00,43618.29,5.933333333333334,18.033333333333335,12.116191666666667
2023-10-17,2023-10-17 05:55:00,2023-10-17 18:02:00,43619.27,5.916666666666667,18.033333333333335,12.116463888888887
2023-10-18,2023-10-18 05:55:00,2023-10-18 18:02:00,43620.25,5.916666666666667,18.033333333333335,12.116736111111111
2023-10-19,2023-10-19 05:55:00,2023-10-19 18:02:00,43621.25,5.916666666666667,18.033333333333335,12.11701388888889
2023-10-20,2023-10-20 05:55:00,2023-10-20 18:02:00,43622.27,5.916666666666667,18.033333333333335,12.117297222222222
2023-10-21,2023-10-21 05:55:00,2023-10-21 18:02:00,43623.28,5.916666666666667,18.033333333333335,12.117577777777777
2023-10-22,2023-10-22 05:54:00,2023-10-22 18:01:00,43624.3,5.9,18.016666666666666,12.117861111111113
2023-10-23,2023-10-23 05:54:00,2023-10-23 18:01:00,43625.33,5.9,18.016666666666666,12.118147222222223
2023-10-24,2023-10-24 05:54:00,2023-10-24 18:01:00,43626.36,5.9,18.016666666666666,12.118433333333334
2023-10-25,2023-10-25 05:54:00,2023-10-25 18:01:00,43627.39,5.9,18.016666666666666,12.118719444444444
2023-10-26,2023-10-26 05:54:00,2023-10-26 18:01:00,43628.45,5.9,18.016666666666666,12.119013888888889
2023-10-27,2023-10-27 05:54:00,2023-10-27 18:01:00,43629.5,5.9,18.016666666666666,12.119305555555556
2023-10-28,2023-10-28 05:54:00,2023-10-28 18:01:00,43630.57,5.9,18.016666666666666,12.119602777777777
2023-10-29,2023-10-29 05:54:00,2023-10-29 18:01:00,43631.66,5.9,18.016666666666666,12.119905555555556
2023-10-30,2023-10-30 05:54:00,2023-10-30 18:01:00,43632.75,5.9,18.016666666666666,12.120208333333334
2023-10-31,2023-10-31 05:53:00,2023-10-31 18:01:00,43633.85,5.883333333333333,18.016666666666666,12.120513888888889
2023-11-01,2023-11-01 05:53:00,2023-11-01 18:01:00,43634.95,5.883333333333333,18.016666666666666,12.120819444444443
2023-11-02,2023-11-02 05:53:00,2023-11-02 18:01:00,43636.07,5.883333333333333,18.016666666666666,12.121130555555556
2023-11-03,2023-11-03 05:53:00,2023-11-03 18:01:00,43637.18,5.883333333333333,18.016666666666666,12.121438888888889
2023-11-04,2023-11-04 05:53:00,2023-11-04 18:01:00,43638.29,5.883333333333333,18.016666666666666,12.121747222222222
2023-11-05,2023-11-05 05:53:00,2023-11-05 18:01:00,43639.4,5.883333333333333,18.016666666666666,12.122055555555557
2023-11-06,2023-11-06 05:53:00,2023-11-06 18:01:00,43640.52,5.883333333333333,18.016666666666666,12.122366666666666
2023-11-07,2023-11-07 05:53:00,2023-11-07 18:01:00,43641.62,5.883333333333333,18.016666666666666,12.122672222222223
2023-11-08,2023-11-08 05:54:00,2023-11-08 18:01:00,43642.73,5.9,18.016666666666666,12.122980555555557
2023-11-09,2023-11-09 05:54:00,2023-11-09 18:01:00,43643.82,5.9,18.016666666666666,12.123283333333333
2023-11-10,2023-11-10 05:54:00,2023-11-10 18:01:00,43644.91,5.9,18.016666666666666,12.123586111111113
2023-11-11,2023-11-11 05:54:00,2023-11-11 18:01:00,43645.98,5.9,18.016666666666666,12.123883333333334
2023-11-12,2023-11-12 05:54:00,2023-11-12 18:01:00,43647.04,5.9,18.016666666666666,12.124177777777778
2023-11-13,2023-11-13 05:54:00,2023-11-13 18:01:00,43648.09,5.9,18.016666666666666,12.124469444444443
2023-11-14,2023-11-14 05:54:00,2023-11-14 18:02:00,43649.12,5.9,18.033333333333335,12.124755555555556
2023-11-15,2023-11-15 05:54:00,2023-11-15 18:02:00,43650.14,5.9,18.033333333333335,12.12503888888889
2023-11-16,2023-11-16 05:54:00,2023-11-16 18:02:00,43651.17,5.9,18.033333333333335,12.125325
2023-11-17,2023-11-17 05:55:00,2023-11-17 18:02:00,43652.18,5.916666666666667,18.033333333333335,12.125605555555556
2023-11-18,2023-11-18 05:55:00,2023-11-18 18:02:00,43653.19,5.916666666666667,18.033333333333335,12.125886111111111
2023-11-19,2023-11-19 05:55:00,2023-11-19 18:03:00,43654.19,5.916666666666667,18.05,12.12616388888889
2023-11-20,2023-11-20 05:55:00,2023-11-20 18:03:00,43655.18,5.916666666666667,18.05,12.126438888888888
2023-11-21,2023-11-21 05:56:00,2023-11-21 18:03:00,43656.15,5.933333333333334,18.05,12.126708333333333
2023-11-22,2023-11-22 05:56:00,2023-11-22 18:03:00,43657.11,5.933333333333334,18.05,12.126975
2023-11-23,2023-11-23 05:56:00,2023-11-23 18:04:00,43658.05,5.933333333333334,18.066666666666666,12.127236111111111
2023-11-24,2023-11-24 05:56:00,2023-11-24 18:04:00,43658.97,5.933333333333334,18.066666666666666,12.127491666666668
2023-11-25,2023-11-25 05:57:00,2023-11-25 18:04:00,43659.88,5.95,18.066666666666666,12.127744444444444
2023-11-26,2023-11-26 05:57:00,2023-11-26 18:05:00,43660.75,5.95,18.083333333333332,12.127986111111111
2023-11-27,2023-11-27 05:57:00,2023-11-27 18:05:00,43661.61,5.95,18.083333333333332,12.128225
2023-11-28,2023-11-28 05:58:00,2023-11-28 18:05:00,43662.44,5.966666666666667,18.083333333333332,12.128455555555556
2023-11-29,2023-11-29 05:58:00,2023-11-29 18:06:00,43663.24,5.966666666666667,18.1,12.128677777777778
2023-11-30,2023-11-30 05:58:00,2023-11-30 18:06:00,43664.01,5.966666666666667,18.1,12.128891666666668
2023-12-01,2023-12-01 05:59:00,2023-12-01 18:06:00,43664.75,5.983333333333333,18.1,12.129097222222223
2023-12-02,2023-12-02 05:59:00,2023-12-02 18:07:00,43665.45,5.983333333333333,18.116666666666667,12.129291666666665
2023-12-03,2023-12-03 05:59:00,2023-12-03 18:07:00,43666.12,5.983333333333333,18.116666666666667,12.129477777777778
2023-12-04,2023-12-04 06:00:00,2023-12-04 18:07:00,43666.75,6.0,18.116666666666667,12.129652777777778
2023-12-05,2023-12-05 06:00:00,2023-12-05 18:08:00,43667.36,6.0,18.133333333333333,12.129822222222222
2023-12-06,2023-12-06 06:00:00,2023-12-06 18:08:00,43667.93,6.0,18.133333333333333,12.129980555555555
2023-12-07,2023-12-07 06:01:00,2023-12-07 18:09:00,43668.48,6.016666666666667,18.15,12.130133333333335
2023-12-08,2023-12-08 06:01:00,2023-12-08 18:09:00,43669.0,6.016666666666667,18.15,12.130277777777778
2023-12-09,2023-12-09 06:02:00,2023-12-09 18:10:00,43669.48,6.033333333333333,18.166666666666668,12.130411111111112
2023-12-10,2023-12-10 06:02:00,2023-12-10 18:10:00,43669.93,6.033333333333333,18.166666666666668,12.13053611111111
2023-12-11,2023-12-11 06:03:00,2023-12-11 18:11:00,43670.35,6.05,18.183333333333334,12.130652777777778
2023-12-12,2023-12-12 06:03:00,2023-12-12 18:11:00,43670.74,6.05,18.183333333333334,12.130761111111111
2023-12-13,2023-12-13 06:04:00,2023-12-13 18:12:00,43671.09,6.066666666666666,18.2,12.130858333333332
2023-12-14,2023-12-14 06:04:00,2023-12-14 18:12:00,43671.4,6.066666666666666,18.2,12.130944444444445
2023-12-15,2023-12-15 06:05:00,2023-12-15 18:13:00,43671.68,6.083333333333333,18.216666666666665,12.131022222222223
2023-12-16,2023-12-16 06:05:00,2023-12-16 18:13:00,43671.92,6.083333333333333,18.216666666666665,12.131088888888888
2023-12-17,2023-12-17 06:06:00,2023-12-17 18:14:00,43672.12,6.1,18.233333333333334,12.131144444444445
2023-12-18,2023-12-18 06:06:00,2023-12-18 18:14:00,43672.29,6.1,18.233333333333334,12.131191666666666
2023-12-19,2023-12-19 06:07:00,2023-12-19 18:15:00,43672.41,6.116666666666666,18.25,12.131225
2023-12-20,2023-12-20 06:07:00,2023-12-20 18:15:00,43672.5,6.116666666666666,18.25,12.13125
2023-12-21,2023-12-21 06:08:00,2023-12-21 18:15:00,43672.54,6.133333333333334,18.25,12.131261111111112
2023-12-22,2023-12-22 06:08:00,2023-12-22 18:16:00,43672.55,6.133333333333334,18.266666666666666,12.13126388888889
2023-12-23,2023-12-23 06:09:00,2023-12-23 18:16:00,43672.51,6.15,18.266666666666666,12.131252777777778
2023-12-24,2023-12-24 06:09:00,2023-12-24 18:17:00,43672.43,6.15,18.283333333333335,12.131230555555556
2023-12-25,2023-12-25 06:09:00,2023-12-25 18:17:00,43672.3,6.15,18.283333333333335,12.131194444444445
2023-12-26,2023-12-26 06:10:00,2023-12-26 18:18:00,43672.14,6.166666666666667,18.3,12.13115
2023-12-27,2023-12-27 06:10:00,2023-12-27 18:18:00,43671.93,6.166666666666667,18.3,12.131091666666666
2023-12-28,2023-12-28 06:11:00,2023-12-28 18:19:00,43671.68,6.183333333333334,18.316666666666666,12.131022222222223
2023-12-29,2023-12-29 06:11:00,2023-12-29 18:19:00,43671.4,6.183333333333334,18.316666666666666,12.130944444444445
2023-12-30,2023-12-30 06:12:00,2023-12-30 18:20:00,43671.08,6.2,18.333333333333332,12.130855555555556
2023-12-31,2023-12-31 06:12:00,2023-12-31 18:20:00,43670.71,6.2,18.333333333333332,12.130752777777777
